timestamp,tooth_id,force,contact_time
0.0,1,56.921862260908426,0.01254018117949303
0.0,2,7.868548782036344,0.025312825329541988
0.0,3,39.906213642337626,0.012905248004329106
0.0,4,82.63406835438757,0.03996575866581887
0.0,5,34.2760640247848,0.03996608710722169
0.0,6,23.32993433197974,0.03973464804021419
0.0,7,90.40693929496376,0.03065643786291595
0.0,8,3.5307001658239745,0.02613570915891409
0.0,9,90.34418933607172,0.048587645893131054
0.0,10,79.4507686998678,0.035803418175265625
0.0,11,50.2859813586482,0.018462607582433968
0.0,12,1.236965278640667,0.04593755942867473
0.0,13,39.68405996064559,0.013756408693862908
0.0,14,0.04172030553759587,0.038976539524812184
0.0,15,18.80945196662117,0.02997750199256543
0.0,16,55.37872271826577,0.04475794607204906
0.1,1,83.82239241923368,0.013583504886685067
0.1,2,28.95718370053979,0.04876248160381179
0.1,3,42.7857937189062,0.01642347482264093
0.1,4,64.7586021691129,0.026305057796123958
0.1,5,48.48172421745161,0.02053064323388823
0.1,6,91.06871770384141,0.023093365378687176
0.1,7,36.38592433070797,0.0463208090618348
0.1,8,96.74267122097643,0.014499454810780691
0.1,9,20.689131484337896,0.021034887341633682
0.1,10,24.993534558152863,0.015726207623496545
0.1,11,86.73052512668448,0.034352668881073696
0.1,12,90.45938266486417,0.021982867651824597
0.1,13,6.34068484605722,0.047223834346842505
0.1,14,39.83610083048792,0.04484769684741521
0.1,15,54.059023525095895,0.02564239052717552
0.1,16,91.78075943249773,0.04295156611214189
0.2,1,75.65337814843107,0.014577333825791175
0.2,2,3.528972622925497,0.021907907408789444
0.2,3,72.29357902913098,0.020206875179780037
0.2,4,24.894795388992286,0.022247432752765646
0.2,5,75.08654524363027,0.013677586314712054
0.2,6,22.917625547790678,0.04409414103939321
0.2,7,89.95938915258303,0.023302400304554473
0.2,8,42.39339807164296,0.02502834798656255
0.2,9,54.27857305631498,0.04390732333281134
0.2,10,14.94040608208158,0.04563853477391885
0.2,11,78.32534743297452,0.03293893776986831
0.2,12,18.836623674845864,0.037040802374907845
0.2,13,32.272599389229526,0.04927088196956394
0.2,14,48.07142049642391,0.03972661129022813
0.2,15,83.02872437712784,0.035952310642707146
0.2,16,41.79113257760735,0.01763919854293263
0.30000000000000004,1,37.331426985945825,0.016120367804718892
0.30000000000000004,2,59.267409553965,0.013475004209039479
0.30000000000000004,3,52.622645098550336,0.03404425591812141
0.30000000000000004,4,13.677375993941709,0.029038267345842347
0.30000000000000004,5,15.010665151706293,0.03858892347539778
0.30000000000000004,6,27.949850760824045,0.03850854111971413
0.30000000000000004,7,55.870397499121694,0.04142274321321528
0.30000000000000004,8,98.8910420134345,0.03192359005853477
0.30000000000000004,9,63.8680915614799,0.011015825039932427
0.30000000000000004,10,84.84139413228483,0.026042453879520984
0.30000000000000004,11,56.18648574602033,0.027144521302034243
0.30000000000000004,12,29.185705372577974,0.045958184233347875
0.30000000000000004,13,79.99890364296607,0.028587737263215972
0.30000000000000004,14,31.668819549220252,0.021621915931706044
0.30000000000000004,15,38.24293271479109,0.010023329126485288
0.30000000000000004,16,54.28062602495633,0.016934364661458857
0.4,1,15.987705147209253,0.030181110780683834
0.4,2,43.908966614568754,0.035778093646136634
0.4,3,49.557138294581335,0.03199919230719841
0.4,4,32.510138415277,0.03759475717411787
0.4,5,69.75582218678302,0.013726957382508625
0.4,6,6.8677566529874445,0.017369070371213213
0.4,7,26.277335028021543,0.045227269804152176
0.4,8,47.349495042999,0.01969006068408055
0.4,9,75.89019138160053,0.04984286227153211
0.4,10,91.8896662513634,0.021779024878207518
0.4,11,17.578159320055487,0.03854075191748266
0.4,12,97.36857457885446,0.04027319332590818
0.4,13,59.01834208242202,0.04057484149097267
0.4,14,68.46777562940304,0.041267224663758255
0.4,15,93.08496101043741,0.034599940711258055
0.4,16,5.186070356557348,0.0453600698874792
0.5,1,8.039156659242474,0.046406851226444515
0.5,2,27.18701899449111,0.04722888790643658
0.5,3,67.71665506012552,0.022446015839650505
0.5,4,87.86585682599981,0.025097559661673617
0.5,5,26.224670436601194,0.03305639114405335
0.5,6,16.28561565684288,0.03667675618105384
0.5,7,69.30197492636212,0.042536391716435445
0.5,8,46.43245322225024,0.04743127387349681
0.5,9,78.42024425138408,0.02022714380307175
0.5,10,23.859698194362554,0.049905404532481955
0.5,11,64.53168072357772,0.04232635803590484
0.5,12,58.68980075157217,0.04936942334471892
0.5,13,60.50861008651401,0.04748783725286712
0.5,14,91.69943290014615,0.035878511828046654
0.5,15,81.19521947972493,0.046738812440400096
0.5,16,70.33914433668976,0.013103115790334473
0.6000000000000001,1,42.114920213671425,0.016047157067463468
0.6000000000000001,2,56.40428611756686,0.03653499648896481
0.6000000000000001,3,15.689716633880535,0.045741044059292385
0.6000000000000001,4,74.37740553517959,0.03200253473215417
0.6000000000000001,5,19.44521511405276,0.02902587725843992
0.6000000000000001,6,93.71196371230242,0.028268742741993085
0.6000000000000001,7,9.373624305459828,0.041942691879745295
0.6000000000000001,8,96.76365271879457,0.042178073296120985
0.6000000000000001,9,41.58405975946601,0.03430038889391335
0.6000000000000001,10,27.45125465054873,0.0495967667779977
0.6000000000000001,11,1.585105020753097,0.014496416018807317
0.6000000000000001,12,12.557070928346203,0.04870327454751638
0.6000000000000001,13,51.7508728937274,0.03152963624621385
0.6000000000000001,14,3.336118004865185,0.036970239114820516
0.6000000000000001,15,30.243777964580644,0.026383171360488858
0.6000000000000001,16,30.12317075309333,0.03889049775215884
0.7000000000000001,1,58.967085028598255,0.03366385675632648
0.7000000000000001,2,6.128958281692309,0.021328344155961056
0.7000000000000001,3,33.4838473996415,0.04380761796532888
0.7000000000000001,4,42.163943493018444,0.024655966830534462
0.7000000000000001,5,71.58757808827092,0.03444248588265808
0.7000000000000001,6,53.3123867523124,0.02273143481127895
0.7000000000000001,7,27.09820458326051,0.017431705680703208
0.7000000000000001,8,51.47213286757935,0.044084423901229214
0.7000000000000001,9,22.161286946278903,0.03581407641533609
0.7000000000000001,10,70.51576457029643,0.015944198193246877
0.7000000000000001,11,44.206529702348796,0.040488845443378475
0.7000000000000001,12,83.79466159677312,0.025766231546573704
0.7000000000000001,13,80.93604462158605,0.026430041942416875
0.7000000000000001,14,18.21933817305137,0.013342005658875652
0.7000000000000001,15,82.21605872340051,0.029846913354671212
0.7000000000000001,16,58.15728606851187,0.015227478523953071
0.8,1,6.3176157233274965,0.01375186678161425
0.8,2,6.321012577605567,0.035308122300683434
0.8,3,61.65993621045075,0.04531108200221654
0.8,4,97.29986632931505,0.035417737307410234
0.8,5,55.194974136022005,0.033607149379751226
0.8,6,64.24949189541724,0.043506817115437295
0.8,7,60.323774195296984,0.039522053131884886
0.8,8,90.11714479246464,0.033115922429735795
0.8,9,92.64089546492181,0.014962000835311557
0.8,10,61.49461338531407,0.04808728866432898
0.8,11,91.19945976060261,0.03301292189197365
0.8,12,70.87007609736109,0.015858513640041313
0.8,13,28.89470805366161,0.02484799503864843
0.8,14,35.449719505040335,0.018253379980025464
0.8,15,61.5971076713254,0.04703334660396464
0.8,16,55.416425988871886,0.03283533935663556
0.9,1,22.899790528438167,0.021203544156453216
0.9,2,95.57734793893059,0.025074957797007705
0.9,3,72.25615658085829,0.03301027815601561
0.9,4,65.79884675997216,0.021828883540592744
0.9,5,45.86158434013853,0.028393901648150373
0.9,6,90.5665324236292,0.020199305702352996
0.9,7,46.59332479564803,0.04170847133487944
0.9,8,18.1681316597855,0.036016213209161034
0.9,9,61.54908521454151,0.040703761336230826
0.9,10,90.40455002389146,0.033032735300394404
0.9,11,90.46417692319018,0.03180810841682441
0.9,12,76.05504876403893,0.03528450873485444
0.9,13,83.86454033775959,0.014626031376124749
0.9,14,62.285561919301344,0.025201689308479984
0.9,15,32.47687621245452,0.046926142296385635
0.9,16,33.34869637289704,0.02702928744060646
1.0,1,50.92407850272892,0.014811458207231665
1.0,2,90.04547256356203,0.012416140289693366
1.0,3,75.59815371705861,0.023979312119143968
1.0,4,80.89751465193066,0.049570546772145244
1.0,5,28.036333982703276,0.03645431244812364
1.0,6,28.35577272656391,0.027367359129668367
1.0,7,9.337583986277798,0.016677738151247127
1.0,8,84.58264378233069,0.04118134894648118
1.0,9,93.33584387432758,0.04718608966685361
1.0,10,89.22275053986523,0.03482945710917616
1.0,11,38.716011768475845,0.04973862432177935
1.0,12,92.07685842291008,0.02086366596487764
1.0,13,34.816508439376804,0.04810261546564274
1.0,14,41.66396125124279,0.02250615945316379
1.0,15,85.01787552694366,0.04791173927320632
1.0,16,92.10564299894426,0.04342101006488372
1.1,1,87.1464772844005,0.028897709563686112
1.1,2,70.73729122258459,0.04688564092903083
1.1,3,98.40914357191191,0.012900930848781402
1.1,4,39.14157777242562,0.04959053609232963
1.1,5,81.50614047181473,0.014468293406090372
1.1,6,59.83723475218431,0.013945269742156766
1.1,7,33.19305605646509,0.04967537833474179
1.1,8,81.73142105814645,0.034326435160749916
1.1,9,72.85262952314827,0.011320394001801733
1.1,10,20.373857537754823,0.04619691312427754
1.1,11,58.096602999755156,0.027128298371240082
1.1,12,23.019407484954257,0.014050088814904403
1.1,13,36.157140101876685,0.04513126541039868
1.1,14,73.27388412271279,0.029264272395893277
1.1,15,62.46682424408316,0.031281370353806806
1.1,16,2.4034419870311186,0.013949055217285965
1.2000000000000002,1,41.77766283137016,0.036685460577036935
1.2000000000000002,2,19.598585668597213,0.049607900099704554
1.2000000000000002,3,52.226379983638,0.04764438595003911
1.2000000000000002,4,0.35941077749535033,0.03725169809904013
1.2000000000000002,5,84.17861787460691,0.034328835760954024
1.2000000000000002,6,42.78300380804505,0.013415206905520423
1.2000000000000002,7,73.27581401808027,0.011645811039249958
1.2000000000000002,8,72.88711460311237,0.013558790171523394
1.2000000000000002,9,46.90879675995786,0.013958158234174163
1.2000000000000002,10,24.28083047267986,0.014912227229843377
1.2000000000000002,11,41.46452329910664,0.045661025223762405
1.2000000000000002,12,54.07431656335786,0.015536546106397525
1.2000000000000002,13,83.46458780484872,0.047591517260996134
1.2000000000000002,14,36.69980493889952,0.02636664706072949
1.2000000000000002,15,50.136700161533895,0.029261110088143527
1.2000000000000002,16,56.18165748094292,0.03661967249373409
1.3,1,43.21611125123903,0.01412506933012088
1.3,2,96.87784608955175,0.036891928474145824
1.3,3,88.63363093855637,0.02029295802108187
1.3,4,99.85544536202887,0.02212788841111136
1.3,5,59.103217366713366,0.02224826397045384
1.3,6,98.49781401614754,0.03147007931747852
1.3,7,0.44065093805257805,0.04682959451339458
1.3,8,43.59843343022527,0.043037007059373376
1.3,9,32.45773872014993,0.048656572785190706
1.3,10,98.18744922858345,0.02717085979384188
1.3,11,98.12456358299141,0.03221846956342692
1.3,12,94.11918258288082,0.019521554866417375
1.3,13,77.69582914880485,0.03604282190050484
1.3,14,78.29606062527367,0.026359627103300462
1.3,15,13.929025421734021,0.027253026797233078
1.3,16,37.54148514548491,0.029715346783962683
1.4000000000000001,1,5.56968285746442,0.029534642038139144
1.4000000000000001,2,19.547875326936513,0.041752536415191964
1.4000000000000001,3,97.27198916151363,0.032965265535376695
1.4000000000000001,4,23.562252237430215,0.034616202845284175
1.4000000000000001,5,12.404636557170601,0.03234070544833933
1.4000000000000001,6,51.66422253799242,0.04585186684953487
1.4000000000000001,7,77.32596259182682,0.038566378551244604
1.4000000000000001,8,52.38578813343979,0.04255867039677441
1.4000000000000001,9,86.65789065055033,0.04967896685894321
1.4000000000000001,10,13.378059528748864,0.040223531804417005
1.4000000000000001,11,24.19805326398278,0.04323323546808119
1.4000000000000001,12,33.37390499113895,0.04582535798679543
1.4000000000000001,13,47.92291682778789,0.023912076401497208
1.4000000000000001,14,99.95293318489938,0.041704738441820016
1.4000000000000001,15,45.40139480001042,0.04887117177698411
1.4000000000000001,16,46.84900217628649,0.04157623756453464
1.5,1,42.189402943588014,0.03769936498295907
1.5,2,47.351646495291575,0.03313641258796516
1.5,3,47.46259039209835,0.030901767028197198
1.5,4,62.21777886666813,0.02806882370350263
1.5,5,75.80393146283649,0.0484838135624326
1.5,6,19.23492159586918,0.038341378427660944
1.5,7,47.529630996386516,0.014977285152447454
1.5,8,79.63303474948785,0.02277331095889428
1.5,9,49.22757122613686,0.0137575347425636
1.5,10,31.309166640843657,0.03432490128894676
1.5,11,36.21235783015314,0.021226468961621295
1.5,12,28.600458706204236,0.0173759809108926
1.5,13,14.487260543965952,0.030898674461254813
1.5,14,43.57868190023561,0.04909213540485283
1.5,15,82.9900216662526,0.040549359862407944
1.5,16,10.010413329703205,0.04305233179172815
1.6,1,64.57603684185423,0.012801454359918396
1.6,2,30.77750610550989,0.034317928109903355
1.6,3,80.33687592757403,0.012309659350479372
1.6,4,98.06273433318626,0.03173710891883784
1.6,5,21.529792312840577,0.016172979182029663
1.6,6,62.57106371011092,0.016863933988227484
1.6,7,72.8522770332524,0.011017189899771207
1.6,8,98.00175658697297,0.03754720364088108
1.6,9,98.77037018974113,0.04487774641957133
1.6,10,58.39330207930061,0.03759386454499394
1.6,11,11.375350482549862,0.043269814774156624
1.6,12,32.34940269217399,0.04775509363809852
1.6,13,96.22097617865994,0.047943628588878906
1.6,14,79.19717375559533,0.01770076683326223
1.6,15,39.23701603393576,0.026526892850406804
1.6,16,5.162665737086902,0.011176007772838625
1.7000000000000002,1,32.85104981335153,0.015296449763504315
1.7000000000000002,2,89.27300540518,0.017778469226540562
1.7000000000000002,3,53.289147887818054,0.03527367046536099
1.7000000000000002,4,50.388544935503155,0.031164608761790828
1.7000000000000002,5,94.40572435372299,0.04838608451154612
1.7000000000000002,6,87.33741785533758,0.014226883475287343
1.7000000000000002,7,4.6418802282820355,0.034062685343350045
1.7000000000000002,8,29.70350035803062,0.027717554983628198
1.7000000000000002,9,4.354894544081134,0.012928405004308292
1.7000000000000002,10,54.022785344455706,0.03626159128905825
1.7000000000000002,11,45.25767292563657,0.04211098302994736
1.7000000000000002,12,9.350846730757711,0.04929240349516517
1.7000000000000002,13,11.031553119295111,0.04756768954366925
1.7000000000000002,14,41.757695863102775,0.0453866853431213
1.7000000000000002,15,95.02496538114985,0.02021150215043413
1.7000000000000002,16,15.524833884018086,0.04775901614286672
1.8,1,10.956188625262996,0.02325798065590297
1.8,2,0.9189664916907314,0.044096281541805324
1.8,3,18.510220061907056,0.04187801115391903
1.8,4,97.33198341593737,0.04481696059683783
1.8,5,69.45170588082367,0.015736111096129546
1.8,6,35.327215696184034,0.01503725795642747
1.8,7,61.65969256611905,0.04199637798785711
1.8,8,24.98854827926611,0.03252310830362311
1.8,9,61.71813379263834,0.013849855241428642
1.8,10,33.98768696491784,0.017715360891962916
1.8,11,89.88848286988029,0.03248197230226681
1.8,12,57.7911716014941,0.03293375753568161
1.8,13,70.29091151608654,0.04885315565003837
1.8,14,80.24894870758297,0.04142090001420146
1.8,15,39.087037375798495,0.01458236641902137
1.8,16,92.4357629779762,0.039377628569838494
1.9000000000000001,1,42.16271747773973,0.011621199999147689
1.9000000000000001,2,11.721042379756707,0.017541347725314124
1.9000000000000001,3,72.6439087749485,0.036131755515906507
1.9000000000000001,4,31.77365616060638,0.030057497892960916
1.9000000000000001,5,78.84089330626728,0.01238749321028569
1.9000000000000001,6,63.48469047943984,0.02813361030485175
1.9000000000000001,7,84.98692549082038,0.04659955451135664
1.9000000000000001,8,60.41447855108563,0.011790132013043794
1.9000000000000001,9,52.7819347547594,0.042453249838727954
1.9000000000000001,10,65.82893166337071,0.02262852565392271
1.9000000000000001,11,74.05139834383063,0.013651101034395229
1.9000000000000001,12,14.441800125475957,0.02521081332088436
1.9000000000000001,13,17.37162294559048,0.030062430173726236
1.9000000000000001,14,54.85709038208315,0.04736985406579527
1.9000000000000001,15,31.78213805920267,0.04974128583523336
1.9000000000000001,16,36.689955842246334,0.02080373217270305
2.0,1,20.08635523441441,0.034681877773308875
2.0,2,78.76620695949993,0.034167476219955736
2.0,3,2.7928280238989744,0.029148263079345982
2.0,4,37.12465952937025,0.0254834240799324
2.0,5,92.93134506862599,0.03982975011902111
2.0,6,95.7458246833684,0.018181844544636783
2.0,7,16.845326813038774,0.02067949363097013
2.0,8,13.512768302269818,0.03202257004281753
2.0,9,76.23676375695659,0.010120504508531228
2.0,10,87.27052628712727,0.040536618813206
2.0,11,80.37855301920712,0.033025967476744675
2.0,12,95.33393208953301,0.020853217056883273
2.0,13,63.44400910578854,0.03167101266663334
2.0,14,65.80919859463454,0.03515661334285533
2.0,15,52.87367127963579,0.0425183123581072
2.0,16,28.757066967061796,0.023252231955975124
2.1,1,81.67502448938619,0.016481498598117112
2.1,2,64.81138649996649,0.02358628694504368
2.1,3,43.02949265197904,0.029144237190950315
2.1,4,98.70859252685518,0.0102844326199823
2.1,5,25.34923391214601,0.011923606002760385
2.1,6,90.16933511050672,0.01809694384758568
2.1,7,1.8354631259149379,0.03874037691172465
2.1,8,1.1173226559242688,0.02347091000327807
2.1,9,94.32191454959805,0.045038133038529715
2.1,10,74.44922603960026,0.03874453627330608
2.1,11,33.49954337197071,0.015828085483422086
2.1,12,37.045732756285275,0.04035229340524429
2.1,13,28.6688205146675,0.019161065317050845
2.1,14,34.65695866734658,0.013071131533132548
2.1,15,74.18330142420534,0.016494555375865253
2.1,16,46.637331756732614,0.03339428073210722
2.2,1,27.12975811696843,0.014183630410230004
2.2,2,71.1232435016098,0.04377487284164287
2.2,3,23.75733822704732,0.018567205854392144
2.2,4,59.33500246145916,0.023409435496919796
2.2,5,48.20873310250848,0.013188107612583164
2.2,6,55.09113390188437,0.023981665578516345
2.2,7,2.126741090977613,0.013129614955679362
2.2,8,39.58540338181372,0.02766945035485479
2.2,9,48.263501607812564,0.03657338180638914
2.2,10,81.72627265362159,0.03868658074332628
2.2,11,27.329343019127283,0.04131095128240795
2.2,12,73.08115117379012,0.024437637361567722
2.2,13,31.315572083938182,0.03551238230796769
2.2,14,61.43066469428696,0.04337672220174516
2.2,15,67.57010894016574,0.04617406144623015
2.2,16,18.76303782967955,0.03206553819653155
2.3000000000000003,1,7.723858577225052,0.02978761547967771
2.3000000000000003,2,99.46404443928391,0.029813078519496605
2.3000000000000003,3,69.56997420752751,0.018254925962077433
2.3000000000000003,4,9.287506180172079,0.04414827054494088
2.3000000000000003,5,30.50564482042374,0.012014218218089701
2.3000000000000003,6,68.94733874584517,0.01630564816562669
2.3000000000000003,7,55.79133784930694,0.01795220718453755
2.3000000000000003,8,92.96707410344622,0.02015960119555678
2.3000000000000003,9,24.156903883655424,0.03767648553369135
2.3000000000000003,10,86.58980203075562,0.027654534856268176
2.3000000000000003,11,45.95921680903041,0.019221791699478408
2.3000000000000003,12,55.786306007094545,0.033906877713735586
2.3000000000000003,13,15.345297852338035,0.022557027317700658
2.3000000000000003,14,26.392135217100808,0.022946651932659705
2.3000000000000003,15,49.11755568598398,0.04288546664573089
2.3000000000000003,16,0.9703464009387375,0.014949501132072359
2.4000000000000004,1,11.060338290513128,0.011625875366033314
2.4000000000000004,2,6.892711351233716,0.017951210179306756
2.4000000000000004,3,82.36749373398114,0.028469393049533998
2.4000000000000004,4,74.49067732150738,0.03490301050322703
2.4000000000000004,5,50.493670116413426,0.017929757093022025
2.4000000000000004,6,99.26838070316482,0.021269749062677666
2.4000000000000004,7,69.45644958841679,0.04743247969525391
2.4000000000000004,8,78.25066542687043,0.04178199481979774
2.4000000000000004,9,6.793625303622863,0.033453081451321386
2.4000000000000004,10,11.924123480768001,0.02073072450580853
2.4000000000000004,11,41.21403532188863,0.011360502935440456
2.4000000000000004,12,13.503958267845007,0.018816812796249985
2.4000000000000004,13,16.699945765013315,0.023597574885024217
2.4000000000000004,14,85.99655739315773,0.018042611039188135
2.4000000000000004,15,54.17529509467366,0.0418919373925769
2.4000000000000004,16,5.50604243181213,0.01991362369718798
2.5,1,93.60485780280547,0.040300813913454026
2.5,2,47.434601574239665,0.017010443929686585
2.5,3,97.386858853588,0.019891946273390783
2.5,4,69.17636491145242,0.0136313904050236
2.5,5,12.288717608455713,0.04819179359897168
2.5,6,28.108915418104107,0.013384242412738999
2.5,7,56.94514273249435,0.020930240967003497
2.5,8,26.26319324620585,0.040154331185996865
2.5,9,90.23475306624952,0.030078146964175254
2.5,10,6.430930472496133,0.03729314652496978
2.5,11,23.82166045298285,0.04406551799667216
2.5,12,16.934561919798952,0.049119974023727545
2.5,13,71.16364335468546,0.044315058523018966
2.5,14,92.38527313961255,0.015287101886331488
2.5,15,48.928835878615715,0.03183452223568908
2.5,16,39.41400215243686,0.032414012943011314
2.6,1,18.634859782529645,0.028566196324598468
2.6,2,51.03545316250124,0.017514471646852856
2.6,3,7.421294931041089,0.02004013334100609
2.6,4,97.85250390545447,0.01565358691759138
2.6,5,72.91425442737429,0.03496782814609925
2.6,6,17.76932782117784,0.022758570834951718
2.6,7,43.49804214011769,0.02899905536505549
2.6,8,42.531335558276176,0.04929176618122236
2.6,9,27.211723679695467,0.03722901969379411
2.6,10,66.7848502738229,0.04237262145815954
2.6,11,0.16035472025404118,0.023737912714642238
2.6,12,17.01601256139226,0.03887096524645109
2.6,13,76.6456031213743,0.03120594402293339
2.6,14,67.82806774088833,0.04100178562460284
2.6,15,30.717379989078474,0.01009429476586456
2.6,16,22.173103789046777,0.03280147810642489
2.7,1,58.43885417378852,0.04228093947682733
2.7,2,4.654958026607414,0.041033931790387425
2.7,3,73.87647086718138,0.04668341483967073
2.7,4,49.01211288860726,0.03982145848176132
2.7,5,1.569345867799199,0.03493528219329559
2.7,6,38.51418748536465,0.04124831594665016
2.7,7,70.57093293977805,0.022514435524992583
2.7,8,94.63789913344502,0.017641367078480782
2.7,9,55.95724246786078,0.04233101401417707
2.7,10,20.20352072036663,0.04466263416891067
2.7,11,76.11181437807659,0.018384020263737352
2.7,12,56.21405708871179,0.02601342537810463
2.7,13,88.71918757832411,0.032033045533655824
2.7,14,46.0739354042531,0.03787918325798204
2.7,15,59.22798774813251,0.04503535917235265
2.7,16,2.252412845523355,0.013904978778433868
2.8000000000000003,1,77.19611762502502,0.03283423366868239
2.8000000000000003,2,69.04425408941317,0.049369576737590494
2.8000000000000003,3,63.29328289387719,0.012984851621146452
2.8000000000000003,4,73.77792907363097,0.015761298074424265
2.8000000000000003,5,0.22177416688599072,0.02907705500409396
2.8000000000000003,6,36.61087706702782,0.031099326863657024
2.8000000000000003,7,8.857264854333913,0.04170827268106756
2.8000000000000003,8,73.59423593064659,0.047451444872279785
2.8000000000000003,9,28.23620709994097,0.018363237593406627
2.8000000000000003,10,28.256698288282234,0.04586025715203151
2.8000000000000003,11,74.53410370941262,0.0445925663089237
2.8000000000000003,12,17.012281760896208,0.01727409523090197
2.8000000000000003,13,40.9829686999878,0.020521329731672873
2.8000000000000003,14,50.933252632065205,0.0414204452273226
2.8000000000000003,15,6.022840032460552,0.01107127628030434
2.8000000000000003,16,6.338683803345047,0.030228393038835413
2.9000000000000004,1,95.4625455520271,0.046221270170695
2.9000000000000004,2,68.28435326608417,0.046081548113633436
2.9000000000000004,3,62.4719564250409,0.029904267466858495
2.9000000000000004,4,19.98478420819335,0.016913911833160346
2.9000000000000004,5,67.67728084988094,0.036260390540786884
2.9000000000000004,6,9.182516719531119,0.014729955076493072
2.9000000000000004,7,9.204228588613383,0.03158280010724489
2.9000000000000004,8,44.12527105723093,0.014200261348180754
2.9000000000000004,9,79.4740951812337,0.035201172392363665
2.9000000000000004,10,40.52403626896092,0.02599426238974243
2.9000000000000004,11,47.15212252644615,0.010193321679385288
2.9000000000000004,12,41.43135962737554,0.024225546004873297
2.9000000000000004,13,84.3467540698681,0.011796153632198601
2.9000000000000004,14,81.04010379558565,0.034510860112126424
2.9000000000000004,15,84.9702748974033,0.04146834040057209
2.9000000000000004,16,25.778539150181146,0.015071997202546154
3.0,1,28.118311196597347,0.021492010955982913
3.0,2,66.99191590494138,0.019533001802710715
3.0,3,91.38842354545163,0.012567840584580025
3.0,4,7.649050160375426,0.01701497496889655
3.0,5,18.580396200527026,0.04849205169876865
3.0,6,97.94936044701517,0.020026660281203732
3.0,7,74.59532867553264,0.04354908777081588
3.0,8,22.602485028160736,0.043425414753323864
3.0,9,54.54263022795344,0.016523790292337977
3.0,10,52.37362845207984,0.02926327571676031
3.0,11,30.300459832415306,0.036440198565865084
3.0,12,71.77867780638638,0.02269906841135072
3.0,13,33.391717937917,0.03541071355263447
3.0,14,96.2397171133508,0.02820381408378147
3.0,15,23.288225058554644,0.046622200511039824
3.0,16,16.8100170806292,0.03763058851550848
3.1,1,16.67198377940624,0.0357816277338045
3.1,2,83.91021813424858,0.02128089681471105
3.1,3,49.05091723478034,0.03891034848866984
3.1,4,15.198475696890101,0.03921885233977097
3.1,5,97.29949812883137,0.026048412871839365
3.1,6,39.51618207729477,0.025611233839000574
3.1,7,45.47396798503277,0.0334318922825504
3.1,8,49.86995202862454,0.01767106551370634
3.1,9,39.680781472622094,0.03385529610708402
3.1,10,54.433288201268745,0.04582054909426046
3.1,11,89.1737185890996,0.02042473354368616
3.1,12,90.72435971285506,0.024537359493589775
3.1,13,14.313654454476922,0.0376377024626038
3.1,14,95.98626176581884,0.013768102619272726
3.1,15,1.0915286148383552,0.010921079785219114
3.1,16,58.2890631492483,0.022959543348961407
3.2,1,47.25488843690614,0.0255766638394662
3.2,2,27.062074062837038,0.037566066945911886
3.2,3,5.721131917633371,0.017090140378738506
3.2,4,9.932286992870997,0.01868504864327715
3.2,5,67.11909886581584,0.015916849930891
3.2,6,45.62667601493654,0.03485691375636309
3.2,7,24.338694091257185,0.02461464373852306
3.2,8,54.41849524386099,0.02622234054465064
3.2,9,36.00952486921726,0.014621999318909729
3.2,10,46.356995187568685,0.02612942283863323
3.2,11,81.5443664736916,0.03999216039845373
3.2,12,71.03092866247077,0.011138119588799383
3.2,13,28.58072877665735,0.035051520332047524
3.2,14,60.00254197027659,0.03324796718667875
3.2,15,57.215419789739265,0.020360157228237568
3.2,16,4.302250134187913,0.0349311924177337
3.3000000000000003,1,54.50630493686594,0.015389476131623137
3.3000000000000003,2,51.93741599969327,0.011882710154328806
3.3000000000000003,3,65.13415745937228,0.03610606260751534
3.3000000000000003,4,67.28184520059935,0.016034058806012715
3.3000000000000003,5,14.549928429951752,0.022133436580145376
3.3000000000000003,6,81.21887461792625,0.012872328060051097
3.3000000000000003,7,53.74873467933814,0.046920553989202946
3.3000000000000003,8,2.3279188766036407,0.035825100556528246
3.3000000000000003,9,54.0105150311732,0.03706087063117947
3.3000000000000003,10,46.69762633696061,0.02395000100257024
3.3000000000000003,11,31.772566452697514,0.02361256452288155
3.3000000000000003,12,66.99690887547098,0.010066204976952254
3.3000000000000003,13,63.33737035444329,0.048965826179833014
3.3000000000000003,14,52.83601698642462,0.010988228923888538
3.3000000000000003,15,31.5509680875355,0.03723174860054313
3.3000000000000003,16,77.00386601969362,0.03110368932401699
3.4000000000000004,1,24.062726020024193,0.03400176274769478
3.4000000000000004,2,83.84316913393235,0.02138323397314655
3.4000000000000004,3,46.69755318995592,0.018494276173756277
3.4000000000000004,4,52.693099836830434,0.014238684720142395
3.4000000000000004,5,93.17880555252904,0.037882158438583724
3.4000000000000004,6,92.71313629328463,0.033339239878263274
3.4000000000000004,7,9.485601440401958,0.011595505060482339
3.4000000000000004,8,91.32051294659331,0.033336205290896925
3.4000000000000004,9,51.471323318794525,0.042386756348236125
3.4000000000000004,10,73.0840420182715,0.04336574534144978
3.4000000000000004,11,58.188142495953365,0.0316212383736432
3.4000000000000004,12,4.507076336762006,0.03910316462802312
3.4000000000000004,13,59.395578842344364,0.013188929528078383
3.4000000000000004,14,75.68995726385668,0.019960014112828568
3.4000000000000004,15,68.16996565894864,0.02732564187519288
3.4000000000000004,16,92.55505771236776,0.025452254427920158
3.5,1,76.15423629068837,0.027005026163302838
3.5,2,59.5519311385796,0.035694378646881283
3.5,3,25.70147396245058,0.020945444658242142
3.5,4,32.26780458418526,0.04724987595160154
3.5,5,31.471903957895798,0.04110499594466672
3.5,6,26.324349107096147,0.03511148606106555
3.5,7,57.78298506011503,0.020397230414525735
3.5,8,46.837128372828296,0.019949048200445567
3.5,9,78.1866175510131,0.02552294298654256
3.5,10,31.951965311002173,0.029126048625189575
3.5,11,11.305253109937885,0.018569045793068784
3.5,12,58.93848987310126,0.01923230354274956
3.5,13,22.162610924589508,0.025000458526031607
3.5,14,90.96625481543474,0.02054817025560737
3.5,15,37.68580901910264,0.02368281077755243
3.5,16,51.65299271683709,0.024736431230850384
3.6,1,91.55725231762078,0.03024432765257702
3.6,2,34.09499021916529,0.0358225390328032
3.6,3,34.397571357088594,0.038687670298881094
3.6,4,64.5308866588908,0.020259488497298285
3.6,5,16.7814203120778,0.03884637922053368
3.6,6,72.91384371495889,0.014001183014158442
3.6,7,43.931249599134226,0.029157870121662127
3.6,8,8.87298480522679,0.012079841393638789
3.6,9,68.34739071612476,0.017490294348878867
3.6,10,4.5709993126987865,0.01929252783416368
3.6,11,45.24485109806511,0.010500015300897073
3.6,12,66.72142240350247,0.02972866125413324
3.6,13,88.09237560406801,0.025555362303330338
3.6,14,63.06925713766004,0.034249662712105826
3.6,15,40.008725765650425,0.03871499002918401
3.6,16,63.60901950554842,0.027036988686682015
3.7,1,52.52010083963693,0.026917103182949986
3.7,2,25.395359534151364,0.013225424979071306
3.7,3,80.86092607198542,0.02255935657507626
3.7,4,1.5140075803599773,0.024564551880597703
3.7,5,38.269555943824194,0.03340273613854739
3.7,6,35.59569744285823,0.025799987824799968
3.7,7,63.95701733244549,0.03679159870222046
3.7,8,88.46899398134462,0.0411008253967046
3.7,9,15.177180689045965,0.03352019159593459
3.7,10,77.65790669202747,0.014484019298022371
3.7,11,17.387248752717056,0.04871585651527378
3.7,12,33.862609181890114,0.045193164011524
3.7,13,28.282036588043823,0.03155274002020355
3.7,14,3.9244851912282885,0.029785833395100797
3.7,15,16.776655361984627,0.038634271647431405
3.7,16,39.274614705763334,0.03320442749793975
3.8000000000000003,1,32.71149505428366,0.025699491752258503
3.8000000000000003,2,80.06786841110484,0.0498384822230374
3.8000000000000003,3,43.06545854621333,0.011059607631185133
3.8000000000000003,4,23.80429432012393,0.016453243655273106
3.8000000000000003,5,99.87898682378301,0.02291373166250708
3.8000000000000003,6,40.26881128278612,0.030210800331634896
3.8000000000000003,7,71.56864741752263,0.038588631522015186
3.8000000000000003,8,6.171650074418,0.03259236204317032
3.8000000000000003,9,86.81915586306079,0.0204036893514371
3.8000000000000003,10,74.60497663537589,0.03273980927460434
3.8000000000000003,11,64.99411702855039,0.013943510909306012
3.8000000000000003,12,91.69730654264022,0.01999503401857518
3.8000000000000003,13,78.96369444538979,0.04915117742888959
3.8000000000000003,14,13.057755045895082,0.019307783380303742
3.8000000000000003,15,3.48897958324792,0.02193765873335081
3.8000000000000003,16,8.49730969299175,0.011946933411561344
3.9000000000000004,1,75.39581796438598,0.014190387792822383
3.9000000000000004,2,66.7482487322389,0.03920034052271655
3.9000000000000004,3,19.96713315895381,0.027070688031645
3.9000000000000004,4,87.97857304742949,0.030416999031736634
3.9000000000000004,5,46.028430007359944,0.03773102901280912
3.9000000000000004,6,5.302803271508827,0.04593909166391827
3.9000000000000004,7,2.639764654458132,0.039081938103414274
3.9000000000000004,8,21.644315405745317,0.0235247433755824
3.9000000000000004,9,98.78951324334606,0.015679490090943243
3.9000000000000004,10,71.42713054529648,0.04799821721851728
3.9000000000000004,11,84.07728146482401,0.011079758392867541
3.9000000000000004,12,1.1458987914630625,0.014539805478307164
3.9000000000000004,13,4.55519907448394,0.02130605253548694
3.9000000000000004,14,91.96480942716639,0.04256814171678664
3.9000000000000004,15,54.645426922704566,0.010074618817625582
3.9000000000000004,16,47.30069305549285,0.0169039291995231
4.0,1,55.70929529189438,0.012730682751996491
4.0,2,44.31292564581647,0.021817824757318794
4.0,3,88.71745863855908,0.03159648185581542
4.0,4,73.68452954574563,0.029176800143906063
4.0,5,15.83210679493029,0.012883646932493305
4.0,6,24.884809292358455,0.03786702925652555
4.0,7,59.311762015705504,0.04077744699072978
4.0,8,39.37584600626893,0.03937188665431051
4.0,9,41.58724736896009,0.046713582344565824
4.0,10,75.40112875827415,0.03262658403465371
4.0,11,55.47934342773221,0.026169726509712124
4.0,12,98.30149424336861,0.0322550666683312
4.0,13,4.597445854203997,0.012734513406556146
4.0,14,60.25675987308485,0.02202720291914658
4.0,15,6.905246458715553,0.03705023040376455
4.0,16,5.188683937641814,0.010445899207579505
4.1000000000000005,1,45.364004341024376,0.017675280930484077
4.1000000000000005,2,42.81903416715742,0.04150105808122664
4.1000000000000005,3,1.4087237071765513,0.017299880673501754
4.1000000000000005,4,54.18309610337195,0.03749270191724936
4.1000000000000005,5,33.010245065113644,0.024838817824704228
4.1000000000000005,6,5.670548388333141,0.03780188971414765
4.1000000000000005,7,38.93660600275785,0.04437652185695928
4.1000000000000005,8,64.5767473766467,0.01601111292527486
4.1000000000000005,9,60.44006252891651,0.03984107210506261
4.1000000000000005,10,32.223692354821345,0.012668098841549288
4.1000000000000005,11,65.3348485775804,0.03190758186128371
4.1000000000000005,12,63.53864389137039,0.03917495313430715
4.1000000000000005,13,1.501512083023937,0.04020782666656291
4.1000000000000005,14,19.086541541777024,0.02731211255346544
4.1000000000000005,15,90.71728904723332,0.03973130920146905
4.1000000000000005,16,90.46050197552266,0.02572286503601033
4.2,1,49.69781012118519,0.03729777799537157
4.2,2,0.17728037087708648,0.040015289908398394
4.2,3,21.05819816138813,0.033371569031575524
4.2,4,62.081635501486986,0.02245413633068904
4.2,5,52.58288945629405,0.026085112505106228
4.2,6,99.75612267052408,0.01814579561379937
4.2,7,55.06568330207152,0.038219393493165124
4.2,8,65.98498248708742,0.028032329111612506
4.2,9,62.59602308729644,0.038024117681629714
4.2,10,0.7387273396099236,0.013863247026039804
4.2,11,76.2387829078628,0.03369742986860233
4.2,12,28.822688944519115,0.011478444179125144
4.2,13,61.103349802954455,0.013585538771427715
4.2,14,65.77196113995376,0.012834442639289652
4.2,15,86.23059503916866,0.04490635667460283
4.2,16,93.73506892884548,0.04613874403856131
4.3,1,68.72949545753782,0.033531255715721485
4.3,2,44.365935130768705,0.021904430677994382
4.3,3,46.00335761087314,0.03452871086254208
4.3,4,21.344873855317037,0.041340949313948314
4.3,5,48.06556818521508,0.033003026968560945
4.3,6,86.55338797749201,0.020622675194885788
4.3,7,0.07207450097718171,0.03404793157132251
4.3,8,71.95242194745407,0.03815430538619594
4.3,9,18.044545695415827,0.03216986366120353
4.3,10,10.740850195582341,0.03871211611444484
4.3,11,37.537942112683744,0.04865012628111822
4.3,12,54.19624705607218,0.027628667817843268
4.3,13,31.3003450292221,0.046831451082862775
4.3,14,38.3673757214589,0.023512552193021216
4.3,15,93.84741577439365,0.026313559184082402
4.3,16,19.39428931285385,0.03586359395064603
4.4,1,55.25898877985158,0.029102218544114898
4.4,2,64.00195209833525,0.022417568497873942
4.4,3,1.3095223706965475,0.016010681328086456
4.4,4,61.5241692306147,0.023559210247106024
4.4,5,61.2558039528478,0.02756003532043176
4.4,6,92.10505763447958,0.041072818289355356
4.4,7,85.199645437562,0.012497227154772
4.4,8,95.12156212734014,0.04239587113860513
4.4,9,62.86380343493732,0.03939221687751073
4.4,10,98.94213590980013,0.043523253086370756
4.4,11,3.9630200044370456,0.031974411585781494
4.4,12,91.91975786016869,0.03425915272907214
4.4,13,63.90317271911998,0.04279057306220999
4.4,14,6.008874957773935,0.03940407745102737
4.4,15,74.01582832027857,0.018547883247109095
4.4,16,93.79595348179669,0.0246940440665589
4.5,1,19.824672143943456,0.022479682204365976
4.5,2,97.61234951332878,0.04346183133781196
4.5,3,3.5677434167387,0.01979409061783756
4.5,4,63.89402261847599,0.03753156903232169
4.5,5,16.35348858932796,0.01993074646274267
4.5,6,31.052232183257033,0.020601386697229204
4.5,7,75.29306739128579,0.022949422947416274
4.5,8,29.105436375173277,0.022379092577464163
4.5,9,91.24523601501319,0.031031154917107763
4.5,10,66.30552315772063,0.04313501439826885
4.5,11,87.98326018076756,0.016823894665525002
4.5,12,47.177810564844734,0.03133258394944269
4.5,13,62.19127358623613,0.026375277669899153
4.5,14,79.37896956243652,0.03353521261004203
4.5,15,84.63027392693917,0.03654996928468253
4.5,16,52.87108218622875,0.044222669537255066
4.6000000000000005,1,88.050868780102,0.045696409515080444
4.6000000000000005,2,88.04161178705041,0.025414287199179975
4.6000000000000005,3,55.98471501963217,0.034529307604631194
4.6000000000000005,4,74.74979887124684,0.04829884196235983
4.6000000000000005,5,54.464738205405794,0.023173509692080176
4.6000000000000005,6,69.70172713697319,0.0184158875500101
4.6000000000000005,7,1.2530233454073225,0.013835375203572031
4.6000000000000005,8,25.29647252079731,0.013713821078121215
4.6000000000000005,9,54.71541392012127,0.026695545094568757
4.6000000000000005,10,84.50695942934342,0.02915856805726884
4.6000000000000005,11,62.64898329013329,0.023983286673094684
4.6000000000000005,12,36.75456252631278,0.04276577792320915
4.6000000000000005,13,68.75422766702928,0.012533131940412697
4.6000000000000005,14,32.16756365173371,0.04578285866442176
4.6000000000000005,15,85.97537368009476,0.03171278723832186
4.6000000000000005,16,91.0859425600422,0.046448321495925204
4.7,1,46.23620261480886,0.029063890696526165
4.7,2,65.60949534569576,0.0380331441263403
4.7,3,83.02536974645598,0.01744442824229486
4.7,4,43.58183411369004,0.016459279719680153
4.7,5,47.153318813778945,0.023635103824679156
4.7,6,37.78775855921278,0.048949113941695925
4.7,7,70.70970186943173,0.04626888803530694
4.7,8,3.240721952999581,0.027330775287911585
4.7,9,47.70594202164116,0.046086753333697605
4.7,10,11.286601937057661,0.0431155998126803
4.7,11,15.242319857174468,0.048723555787159985
4.7,12,54.60540241383992,0.04406523712773558
4.7,13,16.840894760094073,0.01809913964264903
4.7,14,78.07064904065443,0.04806544239223703
4.7,15,7.531376796984102,0.010101329634632443
4.7,16,66.66203852611378,0.04824417110709992
4.800000000000001,1,86.83704181573776,0.014902923546272994
4.800000000000001,2,38.23786864584644,0.03861179380311396
4.800000000000001,3,9.581576272984016,0.02668697966769147
4.800000000000001,4,57.30662546767482,0.025805876277601586
4.800000000000001,5,50.7026340909849,0.02033352484616705
4.800000000000001,6,88.77695656747156,0.017473638533618618
4.800000000000001,7,0.25208514979412344,0.015832861430972768
4.800000000000001,8,53.55851479632936,0.04851547247399883
4.800000000000001,9,93.49231372385687,0.03170970923499781
4.800000000000001,10,26.86196898001868,0.03117239479861824
4.800000000000001,11,84.82749138526302,0.02642443282289629
4.800000000000001,12,53.98512167268469,0.019454830661450876
4.800000000000001,13,10.757209933576872,0.023678217379405557
4.800000000000001,14,43.75642209214048,0.013890238150165653
4.800000000000001,15,18.62508952086831,0.048785123781302175
4.800000000000001,16,0.9564027229858385,0.013172821880874675
4.9,1,45.263691199221476,0.017296896477270923
4.9,2,11.192175181952791,0.032032615850043106
4.9,3,93.96674957515253,0.02035211824981255
4.9,4,75.17216951769689,0.037758644652892595
4.9,5,93.41852989850264,0.03219153723140737
4.9,6,30.88486475378214,0.027039382359942764
4.9,7,77.24576099756635,0.04473518767356703
4.9,8,60.814320852475376,0.01146276318119218
4.9,9,67.04601272872033,0.031635475537086885
4.9,10,3.9254504898257547,0.026790962909470667
4.9,11,87.41873331484094,0.01804949985482889
4.9,12,49.0280653946981,0.02453650718202556
4.9,13,68.79096676215892,0.04471956413639801
4.9,14,57.04512216329307,0.016749669402010326
4.9,15,82.56735389767096,0.028399546229817607
4.9,16,0.4099028326732368,0.027744526868921676
